num_tasks	util	tset_idx	freq	count	misses	miss_ratio	minslack	maxslack	migrations
6	1.0	0	0	1490	0	0.0	22088	815726	0
6	1.0	1	0	1245	0	0.0	19292	996727	0
6	1.0	2	0	1636	0	0.0	31290	483444	0
6	1.0	3	0	1526	6	0.003931847968545216	-1444	792621	0
6	1.0	4	0	1045	0	0.0	69371	615381	0
6	1.0	5	0	1038	0	0.0	57199	1113117	0
6	1.0	6	0	1348	7	0.0051928783382789315	-2923	641831	0
6	1.0	7	0	1521	0	0.0	28343	497972	0
6	1.0	8	0	965	4	0.004145077720207254	-126	872972	0
6	1.0	9	0	1829	0	0.0	23627	271915	0
6	1.15	0	0	1490	0	0.0	23856	818992	0
6	1.15	1	0	1245	25	0.020080321285140562	-1186	785641	0
6	1.15	2	0	1636	0	0.0	23744	410934	0
6	1.15	3	0	1526	13	0.00851900393184797	-94	785531	0
6	1.15	4	0	1045	34	0.03253588516746411	-1843	629291	0
6	1.15	5	0	1038	5	0.004816955684007707	-86	1132687	0
6	1.15	6	0	1348	81	0.06008902077151335	-504	642001	0
6	1.15	7	0	1520	0	0.0	44569	613278	0
6	1.15	8	0	965	0	0.0	69960	871485	0
6	1.15	9	0	1829	0	0.0	35839	306685	0
6	1.3	0	0	1490	0	0.0	19578	821960	0
6	1.3	1	0	1244	2	0.001607717041800643	-83	724723	0
6	1.3	2	0	1636	1	0.0006112469437652812	-88	486150	0
6	1.3	3	0	1526	0	0.0	9052	780578	0
6	1.3	4	0	1045	50	0.04784688995215311	-34931	618586	0
6	1.3	5	0	1038	24	0.023121387283236993	-82089	1112245	0
6	1.3	6	0	1348	29	0.021513353115727003	-8088	635755	0
6	1.3	7	0	1520	0	0.0	28099	486929	0
6	1.3	8	0	966	0	0.0	55508	864712	0
6	1.3	9	0	1312	0	0.0	61981	406993	0
6	1.45	0	0	1489	0	0.0	18238	824116	0
6	1.45	1	0	1245	9	0.007228915662650603	-8990	668062	0
6	1.45	2	0	1636	96	0.05867970660146699	-80949	456333	0
6	1.45	3	0	1527	2	0.0013097576948264572	-53033	780149	0
6	1.45	4	0	1045	34	0.03253588516746411	-92	615506	0
6	1.45	5	0	1038	0	0.0	56567	1116291	0
6	1.45	6	0	1349	8	0.005930318754633061	-101677	637043	0
6	1.45	7	0	1521	0	0.0	46562	657903	0
6	1.45	8	0	965	1	0.0010362694300518134	-80	864332	0
6	1.45	9	0	1312	0	0.0	60929	404352	0
6	1.6	0	0	1490	0	0.0	17279	815078	0
6	1.6	1	0	1245	0	0.0	36780	611104	0
6	1.6	2	0	1636	0	0.0	18935	420937	0
6	1.6	3	0	1527	0	0.0	14336	775762	0
6	1.6	4	0	1045	3	0.0028708133971291866	-81	613138	0
6	1.6	5	0	1038	0	0.0	48956	1110285	0
6	1.6	6	0	1348	7	0.0051928783382789315	-450	632721	0
6	1.6	7	0	1521	36	0.023668639053254437	-38051	557039	0
6	1.6	8	0	965	0	0.0	60469	858560	0
6	1.6	9	0	1312	0	0.0	80904	406114	0
6	1.75	0	0	1489	2	0.001343183344526528	-1640	580087	0
6	1.75	1	0	1245	37	0.02971887550200803	-1045	561836	0
6	1.75	2	0	1636	0	0.0	15157	453419	0
6	1.75	3	0	1527	0	0.0	12781	771273	0
6	1.75	4	0	1045	0	0.0	64357	612616	0
6	1.75	5	0	1038	0	0.0	40855	1095950	0
6	1.75	6	0	1348	1	0.000741839762611276	-106	623180	0
6	1.75	7	0	1521	0	0.0	26952	579642	0
6	1.75	8	0	965	0	0.0	51170	858934	0
6	1.75	9	0	1311	0	0.0	37861	402368	0
6	1.9	0	0	1490	0	0.0	15516	809775	0
6	1.9	1	0	1245	1	0.0008032128514056225	-59	485256	0
6	1.9	2	0	1636	0	0.0	11599	413085	0
6	1.9	3	0	1527	0	0.0	9297	766908	0
6	1.9	4	0	1045	0	0.0	39723	604182	0
6	1.9	5	0	1038	0	0.0	41062	1114283	0
6	1.9	6	0	1348	3	0.002225519287833828	-84	626404	0
6	1.9	7	0	1521	3	0.0019723865877712033	-166	331113	0
6	1.9	8	0	965	0	0.0	49398	859276	0
6	1.9	9	0	1312	0	0.0	53358	402431	0
6	2.05	0	0	1490	0	0.0	11975	802982	0
6	2.05	1	0	1245	0	0.0	47161	1025927	0
6	2.05	2	0	1636	1	0.0006112469437652812	-67	443177	0
6	2.05	3	0	1526	0	0.0	16840	767877	0
6	2.05	4	0	1045	0	0.0	32965	599794	0
6	2.05	5	0	1038	0	0.0	60740	1103622	0
6	2.05	6	0	1348	8	0.005934718100890208	-39799	619417	0
6	2.05	7	0	1521	2	0.0013149243918474688	-175	309159	0
6	2.05	8	0	966	34	0.035196687370600416	-88920	854439	0
6	2.05	9	0	1311	0	0.0	22099	353565	347
6	2.2	0	0	1489	0	0.0	16524	825478	0
6	2.2	1	0	1245	2	0.001606425702811245	-83	723476	0
6	2.2	2	0	1636	0	0.0	29156	418694	0
6	2.2	3	0	1527	0	0.0	14416	764081	0
6	2.2	4	0	1045	0	0.0	53464	600743	0
6	2.2	5	0	1038	0	0.0	55518	1094157	0
6	2.2	6	0	1348	8	0.005934718100890208	-12346	475567	0
6	2.2	7	0	1521	1	0.0006574621959237344	-92	417816	0
6	2.2	8	0	966	2	0.002070393374741201	-767	855033	0
6	2.2	9	0	1311	29	0.02212051868802441	-560381	334965	283
6	2.35	0	0	1489	0	0.0	32676	824540	0
6	2.35	1	0	1245	1	0.0008032128514056225	-388	619169	0
6	2.35	2	0	1636	1	0.0006112469437652812	-143	418868	0
6	2.35	3	0	1527	1	0.0006548788474132286	-589	760255	0
6	2.35	4	0	1045	0	0.0	48027	595651	0
6	2.35	5	0	1038	1	0.0009633911368015414	-113	1099827	0
6	2.35	6	0	1348	2	0.001483679525222552	-12677	472472	0
6	2.35	7	0	974	0	0.0	51206	515637	0
6	2.35	8	0	965	0	0.0	69353	850634	0
6	2.35	9	0	1311	0	0.0	20419	324141	358
6	2.5	0	0	1490	0	0.0	10001	814007	0
6	2.5	1	0	1245	2	0.001606425702811245	-69796	616786	3
6	2.5	2	0	1636	1	0.0006112469437652812	-131	359781	0
6	2.5	3	0	1526	0	0.0	9425	756465	0
6	2.5	4	0	1045	0	0.0	63835	550562	0
6	2.5	5	0	1038	0	0.0	56898	1086466	0
6	2.5	6	0	1662	1	0.0006016847172081829	-175	669256	891
6	2.5	7	0	974	1	0.001026694045174538	-225	540515	0
6	2.5	8	0	965	0	0.0	64647	846220	0
6	2.5	9	0	1312	4	0.003048780487804878	-105476	309395	296
6	2.6	0	0	1490	1	0.0006711409395973154	-100	571551	0
6	2.6	1	0	1245	0	0.0	40499	506599	0
6	2.6	2	0	1160	1	0.0008620689655172414	-69	555191	559
6	2.6	3	0	1526	0	0.0	33416	464045	0
6	2.6	4	0	1046	0	0.0	59901	595417	0
6	2.6	5	0	1038	0	0.0	35253	1087362	0
6	2.6	6	0	1663	1	0.0006013229104028864	-82	666974	918
6	2.6	7	0	974	1	0.001026694045174538	-141286	512671	0
6	2.6	8	0	966	1	0.0010351966873706005	-303	422360	0
6	2.6	9	0	1308	31	0.023700305810397553	-1528348	299370	256
6	2.7	0	0	1489	0	0.0	31624	803601	0
6	2.7	1	0	1245	2	0.001606425702811245	-33909	542721	0
6	2.7	2	0	1160	0	0.0	4321	544376	572
6	2.7	3	0	1525	20	0.013114754098360656	-63526	454959	0
6	2.7	4	0	1045	0	0.0	59778	596365	0
6	2.7	5	0	1038	0	0.0	43239	1086309	0
6	2.7	6	0	1663	0	0.0	1410	664670	879
6	2.7	7	0	973	1	0.0010277492291880781	-119	490153	0
6	2.7	8	0	966	1	0.0010351966873706005	-316093	280029	0
6	2.7	9	0	1305	51	0.03908045977011494	-2673731	289703	256
6	2.8	0	0	1489	0	0.0	31477	683270	0
6	2.8	1	0	1245	0	0.0	34720	474851	0
6	2.8	2	0	1160	1	0.0008620689655172414	-263	532426	587
6	2.8	3	0	1526	2	0.001310615989515072	-103	440579	0
6	2.8	4	0	1045	0	0.0	77494	595383	0
6	2.8	5	0	1038	1	0.0009633911368015414	-149	352379	0
6	2.8	6	0	1662	16	0.009626955475330927	-30942	662368	949
6	2.8	7	0	974	0	0.0	41070	449805	0
6	2.8	8	0	966	0	0.0	34404	364736	0
6	2.8	9	0	1311	10	0.007627765064836003	-199894	279873	309
6	2.9	0	0	1489	0	0.0	32146	804009	0
6	2.9	1	0	1245	0	0.0	49822	474052	0
6	2.9	2	0	1160	0	0.0	3856	522370	599
6	2.9	3	0	1526	2	0.001310615989515072	-93	204381	0
6	2.9	4	0	1045	0	0.0	83261	593066	0
6	2.9	5	0	1038	1	0.0009633911368015414	-94	402375	0
6	2.9	6	0	1663	16	0.009621166566446182	-30739	659994	924
6	2.9	7	0	974	0	0.0	7126	611524	516
6	2.9	8	0	965	0	0.0	95357	366633	0
6	2.9	9	0	1311	2	0.0015255530129672007	-137715	270177	287
6	3.0	0	0	1489	1	0.000671591672263264	-207	808647	0
6	3.0	1	0	1245	0	0.0	44693	460042	0
6	3.0	2	0	1160	1	0.0008620689655172414	-49253	511506	596
6	3.0	3	0	1526	0	0.0	31427	331595	0
6	3.0	4	0	1046	0	0.0	86889	590777	0
6	3.0	5	0	1039	0	0.0	67271	325928	0
6	3.0	6	0	1663	36	0.02164762477450391	-74514	657709	1056
6	3.0	7	0	974	12	0.012320328542094456	-108042	495222	564
6	3.0	8	0	966	0	0.0	93273	394603	0
6	3.0	9	0	1261	169	0.13402061855670103	-15914897	267402	50
6	3.1	0	0	1489	0	0.0	31759	562275	0
6	3.1	1	0	1245	0	0.0	41094	403799	0
6	3.1	2	0	1160	3	0.002586206896551724	-86296	499359	635
6	3.1	3	0	1526	0	0.0	32000	199694	0
6	3.1	4	0	1045	0	0.0	83064	588490	0
6	3.1	5	0	1039	5	0.004812319538017324	-622762	308901	2
6	3.1	6	0	1663	83	0.04990980156343957	-184186	655457	969
6	3.1	7	0	974	14	0.014373716632443531	-110367	490786	481
6	3.1	8	0	965	0	0.0	90300	364663	0
6	3.1	9	0	1255	163	0.1298804780876494	-15811655	257541	42
6	3.2	0	0	1489	0	0.0	31654	800757	0
6	3.2	1	0	1245	0	0.0	37417	300784	0
6	3.2	2	0	1158	8	0.0069084628670120895	-68287	355631	654
6	3.2	3	0	1526	1	0.000655307994757536	-157	192776	0
6	3.2	4	0	1045	0	0.0	79841	586120	0
6	3.2	5	0	1039	0	0.0	64624	299618	0
6	3.2	6	0	1663	103	0.0619362597714973	-158526	653081	951
6	3.2	7	0	974	37	0.037987679671457907	-142326	486422	533
6	3.2	8	0	965	3	0.0031088082901554403	-286175	357733	3
6	3.2	9	0	1311	6	0.004576659038901602	-88531	320763	290
6	3.3	0	0	1440	93	0.06458333333333334	-24363685	771779	58
6	3.3	1	0	1245	0	0.0	33671	300111	0
6	3.3	2	0	1158	12	0.010362694300518135	-54247	337007	642
6	3.3	3	0	1526	1	0.000655307994757536	-10314	170902	3
6	3.3	4	0	1045	0	0.0	73235	583827	0
6	3.3	5	0	1038	5	0.004816955684007707	-648849	424673	3
6	3.3	6	0	1662	107	0.06438026474127558	-336128	579474	806
6	3.3	7	0	974	35	0.03593429158110883	-146841	481995	553
6	3.3	8	0	965	0	0.0	81915	332379	0
6	3.3	9	0	1311	135	0.10297482837528604	-1180569	310846	62
6	3.4	0	0	1489	46	0.03089321692411014	-129315	791559	408
6	3.4	1	0	1245	0	0.0	30189	292896	0
6	3.4	2	0	1158	162	0.13989637305699482	-669346	325714	575
6	3.4	3	0	1506	90	0.05976095617529881	-4525701	179206	416
6	3.4	4	0	1045	2	0.0019138755980861245	-126882	581581	3
6	3.4	5	0	1038	5	0.004816955684007707	-665870	406200	3
6	3.4	6	0	1662	103	0.06197352587244284	-287662	481985	804
6	3.4	7	0	974	89	0.09137577002053388	-198014	467799	552
6	3.4	8	0	965	3	0.0031088082901554403	-297821	300225	3
6	3.4	9	0	1286	96	0.07465007776049767	-5388553	301113	135
6	3.5	0	0	1489	67	0.04499664204163868	-296190	701117	341
6	3.5	1	0	1245	0	0.0	26465	298801	0
6	3.5	2	0	1157	99	0.08556611927398444	-209587	323181	541
6	3.5	3	0	1481	328	0.22147197839297772	-8010497	172373	243
6	3.5	4	0	1019	241	0.2365063788027478	-9600326	579214	158
6	3.5	5	0	1038	0	0.0	65113	230360	0
6	3.5	6	0	1662	212	0.12755716004813478	-342571	467452	755
6	3.5	7	0	950	134	0.14105263157894737	-6533128	626792	504
6	3.5	8	0	965	3	0.0031088082901554403	-190631	274774	2
6	3.5	9	0	1311	3	0.002288329519450801	-113630	291281	198
6	3.6	0	0	1298	361	0.2781201848998459	-22614342	675823	6
6	3.6	1	0	1245	0	0.0	35792	298104	0
6	3.6	2	0	1142	272	0.2381786339754816	-7460987	320569	411
6	3.6	3	0	1460	335	0.22945205479452055	-8650813	165357	161
6	3.6	4	0	932	149	0.15987124463519314	-31744252	264671	2
6	3.6	5	0	1016	135	0.1328740157480315	-11233764	400125	98
6	3.6	6	0	1663	215	0.12928442573662058	-388739	458460	729
6	3.6	7	0	973	171	0.17574511819116137	-272570	606794	524
6	3.6	8	0	965	3	0.0031088082901554403	-243755	263841	4
6	3.6	9	0	1284	95	0.07398753894080996	-6085625	281475	91
8	1.0	0	0	2112	0	0.0	29920	728979	0
8	1.0	1	0	1235	2	0.0016194331983805667	-164	926735	0
8	1.0	2	0	1826	2	0.001095290251916758	-3018	847764	0
8	1.0	3	0	1522	0	0.0	24277	690904	0
8	1.0	4	0	1298	0	0.0	64912	553782	0
8	1.0	5	0	1631	0	0.0	100851	617031	0
8	1.0	6	0	1383	0	0.0	67216	573732	0
8	1.0	7	0	2745	0	0.0	18736	1035520	0
8	1.0	8	0	1330	0	0.0	37028	1031635	0
8	1.0	9	0	1948	0	0.0	63456	337727	0
8	1.15	0	0	2112	0	0.0	17702	710792	0
8	1.15	1	0	1236	0	0.0	96535	917847	0
8	1.15	2	0	2423	0	0.0	49091	522767	0
8	1.15	3	0	1522	0	0.0	40912	690341	0
8	1.15	4	0	1298	0	0.0	59215	624271	0
8	1.15	5	0	1765	0	0.0	17646	689334	0
8	1.15	6	0	1383	0	0.0	131459	607876	0
8	1.15	7	0	2746	0	0.0	15306	1023068	0
8	1.15	8	0	1329	0	0.0	40034	1045158	0
8	1.15	9	0	1950	0	0.0	70488	543475	0
8	1.3	0	0	2111	0	0.0	16490	691608	0
8	1.3	1	0	1236	33	0.02669902912621359	-1498	880430	0
8	1.3	2	0	2424	0	0.0	70566	522738	0
8	1.3	3	0	1646	19	0.011543134872417983	-9480	725872	0
8	1.3	4	0	1298	0	0.0	44652	727322	0
8	1.3	5	0	1765	14	0.00793201133144476	-2158	750936	0
8	1.3	6	0	1384	0	0.0	100201	580390	0
8	1.3	7	0	2746	0	0.0	24727	1029544	0
8	1.3	8	0	1330	0	0.0	31338	917760	0
8	1.3	9	0	1949	0	0.0	88125	339426	0
8	1.45	0	0	2112	9	0.004261363636363636	-6903	442030	0
8	1.45	1	0	1236	11	0.00889967637540453	-20970	840485	0
8	1.45	2	0	2425	0	0.0	57499	517988	0
8	1.45	3	0	1645	2	0.0012158054711246201	-183484	724803	0
8	1.45	4	0	1297	0	0.0	26340	738859	0
8	1.45	5	0	1764	7	0.003968253968253968	-74	765862	0
8	1.45	6	0	1383	30	0.021691973969631236	-61303	616344	0
8	1.45	7	0	2747	0	0.0	11777	990636	0
8	1.45	8	0	1330	0	0.0	39458	1027470	0
8	1.45	9	0	1949	1	0.000513083632632119	-76	522325	0
8	1.6	0	0	2112	0	0.0	31519	622929	0
8	1.6	1	0	1237	0	0.0	92440	807102	0
8	1.6	2	0	2425	0	0.0	41061	518440	0
8	1.6	3	0	1647	6	0.0036429872495446266	-3684	719858	0
8	1.6	4	0	1297	1	0.0007710100231303007	-87	699250	0
8	1.6	5	0	1764	0	0.0	55582	684835	0
8	1.6	6	0	1383	2	0.0014461315979754157	-47558	593003	0
8	1.6	7	0	2745	29	0.010564663023679418	-80002	1029863	0
8	1.6	8	0	2522	2	0.0007930214115781126	-340	666586	0
8	1.6	9	0	1948	0	0.0	71060	359834	0
8	1.75	0	0	2112	0	0.0	36600	713919	0
8	1.75	1	0	1236	2	0.0016181229773462784	-73	772894	0
8	1.75	2	0	2425	0	0.0	35229	514353	0
8	1.75	3	0	1647	0	0.0	78301	524546	0
8	1.75	4	0	1298	5	0.003852080123266564	-32701	899208	0
8	1.75	5	0	1765	0	0.0	60899	685328	0
8	1.75	6	0	1383	0	0.0	23936	585789	0
8	1.75	7	0	2747	0	0.0	13770	1014677	0
8	1.75	8	0	2521	0	0.0	31129	664199	0
8	1.75	9	0	1949	0	0.0	76924	482170	0
8	1.9	0	0	2112	0	0.0	22933	448832	0
8	1.9	1	0	2710	103	0.03800738007380074	-51234	489115	1002
8	1.9	2	0	2425	0	0.0	7946	515196	0
8	1.9	3	0	1647	3	0.0018214936247723133	-8752	721735	0
8	1.9	4	0	1298	0	0.0	81746	910692	0
8	1.9	5	0	1764	5	0.002834467120181406	-786	694527	0
8	1.9	6	0	1383	0	0.0	31449	600612	0
8	1.9	7	0	2747	0	0.0	31852	943557	0
8	1.9	8	0	2521	0	0.0	24706	652345	0
8	1.9	9	0	1949	0	0.0	45927	344767	0
8	2.05	0	0	2112	0	0.0	54397	413052	0
8	2.05	1	0	2710	111	0.04095940959409594	-46931	482446	1083
8	2.05	2	0	2425	1	0.0004123711340206186	-1770	515840	0
8	2.05	3	0	1646	2	0.001215066828675577	-9848	718916	0
8	2.05	4	0	1297	6	0.004626060138781804	-97	812021	0
8	2.05	5	0	1765	0	0.0	30750	677130	0
8	2.05	6	0	1514	3	0.0019815059445178335	-224	453586	186
8	2.05	7	0	2747	3	0.0010921004732435385	-17189	1022456	0
8	2.05	8	0	2522	0	0.0	28448	650788	0
8	2.05	9	0	1948	0	0.0	40264	387459	0
8	2.2	0	0	2112	0	0.0	26696	532171	0
8	2.2	1	0	2710	6	0.002214022140221402	-1968	245215	1073
8	2.2	2	0	2425	5	0.002061855670103093	-353595	519784	0
8	2.2	3	0	1647	4	0.0024286581663630845	-383	716291	0
8	2.2	4	0	1298	3	0.0023112480739599386	-92	707343	0
8	2.2	5	0	1765	0	0.0	26883	678391	0
8	2.2	6	0	1514	5	0.0033025099075297227	-6204	468752	181
8	2.2	7	0	2746	0	0.0	11905	1023156	0
8	2.2	8	0	2521	0	0.0	27313	536165	0
8	2.2	9	0	1949	1	0.000513083632632119	-133	305985	0
8	2.35	0	0	2159	0	0.0	15139	903054	0
8	2.35	1	0	2710	3	0.001107011070110701	-78	238207	1021
8	2.35	2	0	2425	0	0.0	23446	462271	0
8	2.35	3	0	1646	0	0.0	31293	713255	0
8	2.35	4	0	1297	1	0.0007710100231303007	-298	781550	0
8	2.35	5	0	1763	1	0.0005672149744753262	-67	679472	0
8	2.35	6	0	1514	2	0.001321003963011889	-169	559674	231
8	2.35	7	0	2746	1	0.0003641660597232338	-194	1020033	0
8	2.35	8	0	2522	0	0.0	17994	647377	0
8	2.35	9	0	1948	0	0.0	70656	364720	0
8	2.5	0	0	2159	0	0.0	16921	940787	0
8	2.5	1	0	2709	4	0.0014765596160944998	-104494	231443	982
8	2.5	2	0	2425	1	0.0004123711340206186	-69	517488	0
8	2.5	3	0	1647	1	0.0006071645415907711	-729	549813	0
8	2.5	4	0	1298	0	0.0	63620	769299	0
8	2.5	5	0	1765	2	0.0011331444759206798	-328	683981	0
8	2.5	6	0	1514	1	0.0006605019815059445	-127	533585	223
8	2.5	7	0	2746	1	0.0003641660597232338	-148	953893	0
8	2.5	8	0	2521	1	0.0003966679888932963	-353	648697	0
8	2.5	9	0	1949	0	0.0	29157	326075	0
8	2.6	0	0	2159	0	0.0	31049	585188	0
8	2.6	1	0	2709	4	0.0014765596160944998	-563	226680	878
8	2.6	2	0	2424	4	0.0016501650165016502	-92	515735	0
8	2.6	3	0	1647	3	0.0018214936247723133	-354	522333	0
8	2.6	4	0	1297	0	0.0	50114	787621	0
8	2.6	5	0	1765	2	0.0011331444759206798	-142	673777	0
8	2.6	6	0	1514	1	0.0006605019815059445	-348	503060	223
8	2.6	7	0	2746	0	0.0	13300	1001953	0
8	2.6	8	0	2521	2	0.0007933359777865926	-157	384653	0
8	2.6	9	0	1950	0	0.0	24583	356293	0
8	2.7	0	0	2159	0	0.0	23344	585613	0
8	2.7	1	0	2709	4	0.0014765596160944998	-7389	222671	823
8	2.7	2	0	2425	0	0.0	17278	510541	0
8	2.7	3	0	1647	3	0.0018214936247723133	-12815	520560	0
8	2.7	4	0	1298	0	0.0	19670	836653	0
8	2.7	5	0	1764	2	0.0011337868480725624	-160401	671880	2
8	2.7	6	0	1514	0	0.0	27630	498931	195
8	2.7	7	0	1119	1	0.0008936550491510277	-96	473301	0
8	2.7	8	0	2521	1	0.0003966679888932963	-167	384378	0
8	2.7	9	0	1948	0	0.0	18752	356798	0
8	2.8	0	0	2159	0	0.0	11254	649237	0
8	2.8	1	0	2710	27	0.00996309963099631	-117613	220725	788
8	2.8	2	0	2425	6	0.002474226804123711	-32578	512354	0
8	2.8	3	0	1647	0	0.0	41578	520132	0
8	2.8	4	0	1297	0	0.0	70513	706708	0
8	2.8	5	0	1763	2	0.0011344299489506524	-709	640828	0
8	2.8	6	0	1515	2	0.0013201320132013201	-263	481584	193
8	2.8	7	0	1119	0	0.0	32370	413710	0
8	2.8	8	0	2521	2	0.0007933359777865926	-124	384109	0
8	2.8	9	0	1949	0	0.0	32497	556755	0
8	2.9	0	0	2159	1	0.0004631773969430292	-139	944311	0
8	2.9	1	0	2709	12	0.004429678848283499	-120961	213801	808
8	2.9	2	0	2425	0	0.0	19905	506848	0
8	2.9	3	0	1647	6	0.0036429872495446266	-294531	519728	2
8	2.9	4	0	1297	2	0.0015420200462606013	-179	730267	0
8	2.9	5	0	1763	1	0.0005672149744753262	-503	676518	0
8	2.9	6	0	1844	8	0.004338394793926247	-151097	750356	745
8	2.9	7	0	1119	0	0.0	60059	397727	0
8	2.9	8	0	2520	1	0.0003968253968253968	-141	373048	0
8	2.9	9	0	1949	1	0.000513083632632119	-1055	382969	0
8	3.0	0	0	2159	0	0.0	27962	788910	0
8	3.0	1	0	2710	21	0.007749077490774908	-132717	211545	763
8	3.0	2	0	2425	0	0.0	19955	441253	0
8	3.0	3	0	1645	0	0.0	28636	700216	0
8	3.0	4	0	1297	0	0.0	56441	795017	0
8	3.0	5	0	1765	0	0.0	33231	599222	0
8	3.0	6	0	1844	0	0.0	1565	753470	702
8	3.0	7	0	1119	1	0.0008936550491510277	-284	395547	0
8	3.0	8	0	2521	2	0.0007933359777865926	-284	383503	0
8	3.0	9	0	1949	0	0.0	33502	545995	0
8	3.1	0	0	2159	0	0.0	18552	981564	0
8	3.1	1	0	2710	19	0.007011070110701107	-126275	206323	771
8	3.1	2	0	2425	1	0.0004123711340206186	-1135	507329	5
8	3.1	3	0	1647	0	0.0	32396	591927	0
8	3.1	4	0	1298	1	0.0007704160246533128	-196	649950	0
8	3.1	5	0	1764	1	0.0005668934240362812	-163	596429	0
8	3.1	6	0	1844	7	0.003796095444685466	-90645	749160	631
8	3.1	7	0	1119	1	0.0008936550491510277	-85081	565820	1
8	3.1	8	0	2522	5	0.0019825535289452814	-241777	383236	12
8	3.1	9	0	1949	1	0.000513083632632119	-94	539799	0
8	3.2	0	0	2158	1	0.0004633920296570899	-23134	974020	13
8	3.2	1	0	2709	92	0.0339608711701735	-168946	212869	815
8	3.2	2	0	2425	0	0.0	22890	380088	0
8	3.2	3	0	1647	0	0.0	27278	684087	0
8	3.2	4	0	1298	0	0.0	67146	734670	0
8	3.2	5	0	1764	0	0.0	37361	671023	0
8	3.2	6	0	2485	53	0.021327967806841045	-1776752	443329	889
8	3.2	7	0	1119	0	0.0	43074	467826	0
8	3.2	8	0	2520	0	0.0	41544	382984	0
8	3.2	9	0	1949	0	0.0	33907	500533	0
8	3.3	0	0	2159	1	0.0004631773969430292	-355	565090	0
8	3.3	1	0	2710	112	0.041328413284132844	-204879	174744	764
8	3.3	2	0	2426	1	0.00041220115416323167	-16572	420255	21
8	3.3	3	0	1647	0	0.0	26855	583967	0
8	3.3	4	0	1298	1	0.0007704160246533128	-11622	705982	5
8	3.3	5	0	1764	0	0.0	34642	669228	0
8	3.3	6	0	2497	40	0.016019223067681217	-205553	436831	880
8	3.3	7	0	1119	0	0.0	51129	397710	0
8	3.3	8	0	2521	7	0.002776675922253074	-283676	382680	18
8	3.3	9	0	1950	2	0.0010256410256410256	-73417	528028	14
8	3.4	0	0	2159	0	0.0	33935	618444	2
8	3.4	1	0	2706	325	0.12010347376201035	-2393733	170265	103
8	3.4	2	0	2425	3	0.0012371134020618556	-196660	357297	3
8	3.4	3	0	1647	44	0.02671523982999393	-353416	706589	251
8	3.4	4	0	1298	0	0.0	39607	704322	0
8	3.4	5	0	1764	2	0.0011337868480725624	-245252	593658	23
8	3.4	6	0	2403	223	0.0928006658343737	-12825690	421151	378
8	3.4	7	0	1119	0	0.0	59828	457365	13
8	3.4	8	0	2520	6	0.002380952380952381	-73706	653952	171
8	3.4	9	0	1948	1	0.000513347022587269	-183	521725	14
8	3.5	0	0	2159	1	0.0004631773969430292	-122	584406	0
8	3.5	1	0	2686	345	0.12844378257632166	-5568202	168857	68
8	3.5	2	0	2424	0	0.0	18501	339082	2
8	3.5	3	0	1636	98	0.05990220048899755	-6811827	696368	82
8	3.5	4	0	1298	8	0.0061633281972265025	-274586	743521	55
8	3.5	5	0	1764	3	0.0017006802721088435	-182899	665557	5
8	3.5	6	0	2478	155	0.06255044390637611	-2632528	366585	799
8	3.5	7	0	1118	28	0.025044722719141325	-164181	491447	373
8	3.5	8	0	2470	197	0.07975708502024291	-9068009	652595	398
8	3.5	9	0	1949	9	0.004617752693689072	-60437	478113	811
8	3.6	0	0	2159	0	0.0	11030	628175	5
8	3.6	1	0	2691	376	0.1397250092902267	-3967400	198987	211
8	3.6	2	0	2394	119	0.049707602339181284	-9698670	446936	350
8	3.6	3	0	1632	102	0.0625	-8732088	694267	59
8	3.6	4	0	1288	113	0.08773291925465838	-5383989	697921	209
8	3.6	5	0	1764	29	0.016439909297052153	-269026	663654	19
8	3.6	6	0	2298	417	0.1814621409921671	-19349559	702746	226
8	3.6	7	0	1118	56	0.05008944543828265	-557841	443116	348
8	3.6	8	0	2407	360	0.14956377233070212	-18197388	152632	141
8	3.6	9	0	1950	27	0.013846153846153847	-97331	433654	815
12	1.0	0	0	2525	0	0.0	45705	980902	0
12	1.0	1	0	3460	0	0.0	47110	444155	0
12	1.0	2	0	2094	0	0.0	80966	971856	0
12	1.0	3	0	1930	0	0.0	95053	1053952	0
12	1.0	4	0	2739	0	0.0	18159	1125541	0
12	1.0	5	0	2131	0	0.0	74729	937126	0
12	1.0	6	0	2425	2	0.0008247422680412372	-40481	857931	0
12	1.0	7	0	3237	0	0.0	77828	459474	0
12	1.0	8	0	2607	0	0.0	83647	917576	0
12	1.0	9	0	2975	0	0.0	54484	997082	0
12	1.15	0	0	2468	0	0.0	52256	597864	0
12	1.15	1	0	2527	0	0.0	69710	984929	0
12	1.15	2	0	2094	15	0.0071633237822349575	-24633	976297	0
12	1.15	3	0	1929	0	0.0	91418	1043230	0
12	1.15	4	0	2739	0	0.0	14457	1113765	0
12	1.15	5	0	3162	0	0.0	50521	1142019	0
12	1.15	6	0	2425	0	0.0	73623	919215	0
12	1.15	7	0	3536	0	0.0	67457	1065373	0
12	1.15	8	0	2607	3	0.0011507479861910242	-28175	919023	0
12	1.15	9	0	2976	0	0.0	67195	999874	0
12	1.3	0	0	2467	0	0.0	46337	593487	0
12	1.3	1	0	2524	0	0.0	37366	987352	0
12	1.3	2	0	2093	0	0.0	67626	973215	0
12	1.3	3	0	1928	0	0.0	93598	1065521	0
12	1.3	4	0	2739	0	0.0	30648	1109438	0
12	1.3	5	0	3162	11	0.003478810879190386	-41202	1098425	0
12	1.3	6	0	2425	0	0.0	71717	903821	0
12	1.3	7	0	3536	1	0.0002828054298642534	-6573	984664	0
12	1.3	8	0	2607	0	0.0	73310	888537	0
12	1.3	9	0	2976	0	0.0	50306	1001415	0
12	1.45	0	0	1868	14	0.007494646680942184	-236322	1111238	0
12	1.45	1	0	2467	14	0.005674908796108634	-5305	598643	0
12	1.45	2	0	2094	12	0.0057306590257879654	-77611	974072	0
12	1.45	3	0	1928	0	0.0	93180	1049829	0
12	1.45	4	0	2739	0	0.0	43701	1048924	0
12	1.45	5	0	3161	0	0.0	41475	1127557	0
12	1.45	6	0	2425	1	0.0004123711340206186	-71	760806	0
12	1.45	7	0	3537	0	0.0	61399	852111	0
12	1.45	8	0	2608	0	0.0	80735	897391	0
12	1.45	9	0	2976	0	0.0	65707	934701	0
12	1.6	0	0	1869	0	0.0	49001	1107895	0
12	1.6	1	0	2468	0	0.0	48357	591709	0
12	1.6	2	0	2093	0	0.0	53481	970964	0
12	1.6	3	0	1928	0	0.0	66213	1051974	0
12	1.6	4	0	2739	0	0.0	38725	1122930	0
12	1.6	5	0	3161	1	0.00031635558367605187	-79	1116660	0
12	1.6	6	0	2425	0	0.0	72801	787126	0
12	1.6	7	0	3536	0	0.0	63291	1027234	0
12	1.6	8	0	2607	0	0.0	76420	917107	0
12	1.6	9	0	2976	0	0.0	44379	985119	0
12	1.75	0	0	1869	0	0.0	28253	1080367	0
12	1.75	1	0	3200	0	0.0	56316	787146	0
12	1.75	2	0	2094	0	0.0	47209	970818	0
12	1.75	3	0	1928	0	0.0	91592	1053717	0
12	1.75	4	0	2738	0	0.0	36046	1105582	0
12	1.75	5	0	3162	0	0.0	45520	1124801	0
12	1.75	6	0	2534	0	0.0	30912	1079856	0
12	1.75	7	0	3537	0	0.0	73054	1067128	0
12	1.75	8	0	2607	0	0.0	71651	880986	0
12	1.75	9	0	2975	0	0.0	47150	970804	0
12	1.9	0	0	1869	0	0.0	62481	1105096	0
12	1.9	1	0	3199	3	0.0009377930603313535	-27269	790605	0
12	1.9	2	0	2094	0	0.0	79928	969841	0
12	1.9	3	0	1928	1	0.0005186721991701245	-329	1055514	0
12	1.9	4	0	2739	0	0.0	42269	1014650	0
12	1.9	5	0	3161	35	0.011072445428661816	-10108	1134043	0
12	1.9	6	0	2532	0	0.0	27883	1096199	0
12	1.9	7	0	3537	6	0.0016963528413910093	-66055	1018799	0
12	1.9	8	0	2607	0	0.0	58825	911921	0
12	1.9	9	0	2976	0	0.0	57718	981520	0
12	2.05	0	0	1870	0	0.0	76098	1090213	0
12	2.05	1	0	3200	1	0.0003125	-75	647051	0
12	2.05	2	0	2093	1	0.00047778308647873863	-227	968794	0
12	2.05	3	0	1929	0	0.0	77862	1042822	0
12	2.05	4	0	2739	3	0.001095290251916758	-90	1129093	0
12	2.05	5	0	3162	15	0.004743833017077799	-1299	1138794	0
12	2.05	6	0	2532	0	0.0	25342	1095696	0
12	2.05	7	0	3537	6	0.0016963528413910093	-5416	1113242	0
12	2.05	8	0	2608	0	0.0	80515	870793	0
12	2.05	9	0	2976	6	0.0020161290322580645	-91	850588	0
12	2.2	0	0	1869	0	0.0	45166	1075550	0
12	2.2	1	0	3200	0	0.0	22617	784820	0
12	2.2	2	0	2094	0	0.0	76303	967784	0
12	2.2	3	0	1928	0	0.0	89666	1044791	0
12	2.2	4	0	2739	14	0.00511135450894487	-13705	1099649	0
12	2.2	5	0	3162	1	0.00031625553447185326	-76	1120994	0
12	2.2	6	0	2532	30	0.011848341232227487	-13329	1096523	0
12	2.2	7	0	3538	0	0.0	37296	1051549	0
12	2.2	8	0	2607	0	0.0	75198	920592	0
12	2.2	9	0	2976	0	0.0	60195	934577	0
12	2.35	0	0	1869	0	0.0	53859	1102801	0
12	2.35	1	0	3200	6	0.001875	-50247	787422	0
12	2.35	2	0	2094	0	0.0	95955	970561	0
12	2.35	3	0	1928	0	0.0	31606	1040257	0
12	2.35	4	0	2739	32	0.011683096020445418	-48637	1130740	0
12	2.35	5	0	3162	0	0.0	42186	1115786	0
12	2.35	6	0	2533	0	0.0	19967	1094892	0
12	2.35	7	0	3535	28	0.007920792079207921	-120381	885767	0
12	2.35	8	0	2608	0	0.0	58536	899621	0
12	2.35	9	0	2975	0	0.0	75014	1017586	0
12	2.5	0	0	1869	0	0.0	100641	1083362	0
12	2.5	1	0	3201	0	0.0	33548	783653	0
12	2.5	2	0	2228	1	0.0004488330341113106	-200	662151	0
12	2.5	3	0	1928	0	0.0	38269	1049340	0
12	2.5	4	0	2739	1	0.0003650967506389193	-185	1114190	0
12	2.5	5	0	3162	0	0.0	38351	1131262	0
12	2.5	6	0	2532	1	0.00039494470774091627	-824	1087848	0
12	2.5	7	0	3400	3	0.0008823529411764706	-11292	627536	0
12	2.5	8	0	2608	1	0.0003834355828220859	-196	874648	0
12	2.5	9	0	2975	0	0.0	76592	1014997	0
12	2.6	0	0	2715	3	0.0011049723756906078	-6595	1048617	800
12	2.6	1	0	1870	0	0.0	71055	1102458	0
12	2.6	2	0	2228	0	0.0	46943	662900	0
12	2.6	3	0	1927	0	0.0	43783	1052136	0
12	2.6	4	0	2739	2	0.0007301935012778386	-4326	1099449	0
12	2.6	5	0	3162	1	0.00031625553447185326	-56	1127699	0
12	2.6	6	0	2532	0	0.0	67543	1095239	0
12	2.6	7	0	3400	0	0.0	35963	625508	0
12	2.6	8	0	2607	0	0.0	76297	892180	0
12	2.6	9	0	2478	2	0.0008071025020177562	-279	1143553	0
12	2.7	0	0	2715	3	0.0011049723756906078	-251372	1046108	780
12	2.7	1	0	1869	2	0.001070090957731407	-96	1105587	0
12	2.7	2	0	2229	0	0.0	73538	661956	0
12	2.7	3	0	1928	0	0.0	91870	1043245	0
12	2.7	4	0	2740	3	0.0010948905109489052	-222	1126842	0
12	2.7	5	0	3163	0	0.0	45440	961596	0
12	2.7	6	0	2533	0	0.0	71976	1088096	0
12	2.7	7	0	3400	0	0.0	61857	623934	0
12	2.7	8	0	2607	2	0.0007671653241273494	-785	918756	0
12	2.7	9	0	2629	6	0.002282236591860023	-42266	895458	1103
12	2.8	0	0	2715	2	0.0007366482504604051	-202	1043640	821
12	2.8	1	0	1868	0	0.0	41853	1104500	0
12	2.8	2	0	2229	1	0.00044863167339614175	-57	661599	0
12	2.8	3	0	1928	0	0.0	85016	1040572	0
12	2.8	4	0	2739	4	0.0014603870025556773	-808	907697	0
12	2.8	5	0	3162	2	0.0006325110689437065	-233	1128448	0
12	2.8	6	0	2532	0	0.0	67944	1087493	0
12	2.8	7	0	3400	0	0.0	60886	621954	0
12	2.8	8	0	2606	0	0.0	68897	900775	0
12	2.8	9	0	2628	4	0.0015220700152207	-104043	893464	1109
12	2.9	0	0	2715	2	0.0007366482504604051	-6956	1041175	835
12	2.9	1	0	1870	0	0.0	33712	1103195	0
12	2.9	2	0	2227	2	0.000898069151324652	-135	675921	0
12	2.9	3	0	1928	0	0.0	91988	1044066	0
12	2.9	4	0	2739	1	0.0003650967506389193	-230	1115260	0
12	2.9	5	0	3162	0	0.0	44262	1032365	0
12	2.9	6	0	2533	0	0.0	40430	1094843	9
12	2.9	7	0	3400	3	0.0008823529411764706	-204	607067	0
12	2.9	8	0	2607	3	0.0011507479861910242	-232	912308	0
12	2.9	9	0	2629	5	0.001901863826550019	-24302	891547	1080
12	3.0	0	0	2716	2	0.0007363770250368188	-56097	1038694	772
12	3.0	1	0	1870	1	0.0005347593582887701	-142	1103772	0
12	3.0	2	0	2230	1	0.0004484304932735426	-48661	660884	11
12	3.0	3	0	1927	1	0.0005189413596263622	-1220	1003547	0
12	3.0	4	0	2738	0	0.0	34413	813858	0
12	3.0	5	0	3162	0	0.0	36244	1117383	0
12	3.0	6	0	2533	1	0.00039478878799842083	-297	1093922	0
12	3.0	7	0	3401	0	0.0	36886	525851	0
12	3.0	8	0	2608	3	0.0011503067484662577	-232	910537	0
12	3.0	9	0	2628	3	0.001141552511415525	-28364	889618	1026
12	3.1	0	0	2715	1	0.00036832412523020257	-18144	1036239	814
12	3.1	1	0	1870	0	0.0	45870	1103185	0
12	3.1	2	0	2229	0	0.0	39522	673917	0
12	3.1	3	0	1929	0	0.0	89805	1038860	0
12	3.1	4	0	2739	1	0.0003650967506389193	-204	1115856	0
12	3.1	5	0	3161	0	0.0	55746	1042261	2
12	3.1	6	0	2533	1	0.00039478878799842083	-774	1093147	0
12	3.1	7	0	3400	1	0.0002941176470588235	-248	620212	0
12	3.1	8	0	2607	1	0.0003835826620636747	-96	851967	0
12	3.1	9	0	2628	11	0.004185692541856925	-66473	887724	1071
12	3.2	0	0	2716	46	0.016936671575846832	-377821	1033729	692
12	3.2	1	0	1870	0	0.0	49945	1102556	0
12	3.2	2	0	2229	1	0.00044863167339614175	-240	663316	0
12	3.2	3	0	1927	0	0.0	90593	1022188	0
12	3.2	4	0	2739	1	0.0003650967506389193	-224	922120	0
12	3.2	5	0	3162	0	0.0	57400	516582	0
12	3.2	6	0	2532	1	0.00039494470774091627	-155	1085150	0
12	3.2	7	0	3400	0	0.0	53846	613799	0
12	3.2	8	0	2607	1	0.0003835826620636747	-147	865347	0
12	3.2	9	0	2628	21	0.007990867579908675	-75649	885828	1080
12	3.3	0	0	2716	2	0.0007363770250368188	-203	1031295	793
12	3.3	1	0	1868	0	0.0	18350	1101911	17
12	3.3	2	0	2230	0	0.0	24564	659708	0
12	3.3	3	0	1929	0	0.0	54809	785964	0
12	3.3	4	0	2739	0	0.0	52102	930760	3
12	3.3	5	0	3162	0	0.0	68797	523944	2
12	3.3	6	0	2533	1	0.00039478878799842083	-12231	1084024	22
12	3.3	7	0	3400	4	0.001176470588235294	-116738	550697	4
12	3.3	8	0	2607	0	0.0	38899	900604	3
12	3.3	9	0	2628	35	0.013318112633181126	-109716	883996	1049
12	3.4	0	0	2715	4	0.0014732965009208103	-85807	1028764	749
12	3.4	1	0	1870	0	0.0	46777	1101327	0
12	3.4	2	0	2119	255	0.12033978291647003	-21781913	667122	1
12	3.4	3	0	1928	1	0.0005186721991701245	-57514	1053877	6
12	3.4	4	0	2739	2	0.0007301935012778386	-234	1082083	0
12	3.4	5	0	3162	0	0.0	67468	513588	0
12	3.4	6	0	2784	0	0.0	26233	744065	9
12	3.4	7	0	3400	0	0.0	41624	610383	0
12	3.4	8	0	2607	0	0.0	39064	741751	1
12	3.4	9	0	2627	38	0.01446516939474686	-108023	882078	1019
12	3.5	0	0	2716	4	0.0014727540500736377	-33239	1026257	828
12	3.5	1	0	1870	0	0.0	41098	991322	0
12	3.5	2	0	2230	1	0.0004484304932735426	-210	659036	4
12	3.5	3	0	1929	0	0.0	43355	1051439	0
12	3.5	4	0	2737	0	0.0	39192	1063726	0
12	3.5	5	0	3162	1	0.00031625553447185326	-157633	522279	2
12	3.5	6	0	2783	0	0.0	26706	738758	7
12	3.5	7	0	3400	1	0.0002941176470588235	-242	459308	2
12	3.5	8	0	2607	2	0.0007671653241273494	-22301	682223	2
12	3.5	9	0	2626	117	0.04455445544554455	-491779	880205	881
12	3.6	0	0	2698	209	0.07746478873239436	-5248365	1023207	387
12	3.6	1	0	1868	2	0.0010706638115631692	-63313	1100151	13
12	3.6	2	0	2227	2	0.000898069151324652	-68225	658660	26
12	3.6	3	0	1928	6	0.0031120331950207467	-134923	1049015	36
12	3.6	4	0	2739	0	0.0	31460	1019503	0
12	3.6	5	0	3162	15	0.004743833017077799	-383731	510606	10
12	3.6	6	0	2785	0	0.0	26028	732918	7
12	3.6	7	0	3400	2	0.000588235294117647	-6897	610909	7
12	3.6	8	0	2608	0	0.0	22661	890660	18
12	3.6	9	0	2627	70	0.026646364674533688	-158698	878341	1019
16	1.0	0	0	3416	2	0.000585480093676815	-44049	1135312	0
16	1.0	1	0	3302	0	0.0	86747	1117728	0
16	1.0	2	0	3362	0	0.0	68901	801505	0
16	1.0	3	0	3233	1	0.0003093102381688834	-9264	765079	0
16	1.0	4	0	2732	0	0.0	125006	841362	0
16	1.0	5	0	3198	0	0.0	55153	964527	0
16	1.0	6	0	3291	0	0.0	56690	901707	0
16	1.0	7	0	2447	0	0.0	96841	1024076	0
16	1.0	8	0	3508	0	0.0	81341	706959	0
16	1.0	9	0	4052	0	0.0	51563	819493	0
16	1.15	0	0	3195	0	0.0	45069	743379	0
16	1.15	1	0	3417	0	0.0	52105	1130765	0
16	1.15	2	0	3902	0	0.0	76746	737545	0
16	1.15	3	0	3233	0	0.0	96028	868824	0
16	1.15	4	0	3406	0	0.0	52722	842257	0
16	1.15	5	0	3791	0	0.0	48053	840150	0
16	1.15	6	0	4756	1	0.00021026072329688813	-11835	986596	0
16	1.15	7	0	2447	0	0.0	98188	1026197	0
16	1.15	8	0	3509	0	0.0	76843	630981	0
16	1.15	9	0	2775	0	0.0	88650	1053629	0
16	1.3	0	0	3195	0	0.0	45194	662650	0
16	1.3	1	0	3217	0	0.0	87785	860148	0
16	1.3	2	0	2662	0	0.0	72942	949241	0
16	1.3	3	0	3233	0	0.0	88127	634814	0
16	1.3	4	0	3406	0	0.0	59003	847057	0
16	1.3	5	0	3792	0	0.0	45200	834313	0
16	1.3	6	0	4756	0	0.0	66497	986731	0
16	1.3	7	0	2447	7	0.0028606456885982836	-62107	1017235	0
16	1.3	8	0	3509	0	0.0	66930	705547	0
16	1.3	9	0	2774	0	0.0	52279	1050496	0
16	1.45	0	0	3061	0	0.0	37397	992797	0
16	1.45	1	0	3253	0	0.0	62995	962496	0
16	1.45	2	0	2804	0	0.0	58334	805313	0
16	1.45	3	0	2681	0	0.0	83160	1108261	0
16	1.45	4	0	3405	0	0.0	73689	810913	0
16	1.45	5	0	3791	15	0.003956739646531258	-111	845762	0
16	1.45	6	0	4757	0	0.0	68009	989046	0
16	1.45	7	0	2446	32	0.013082583810302535	-225948	1027767	0
16	1.45	8	0	3509	0	0.0	77830	708024	0
16	1.45	9	0	2776	0	0.0	85062	1050741	0
16	1.6	0	0	3061	0	0.0	54370	994342	0
16	1.6	1	0	3253	1	0.0003074085459575776	-3170	964666	0
16	1.6	2	0	2936	0	0.0	117315	1042886	0
16	1.6	3	0	3464	0	0.0	57353	721821	0
16	1.6	4	0	3405	1	0.0002936857562408223	-1921	842390	0
16	1.6	5	0	3792	0	0.0	51498	837184	0
16	1.6	6	0	4756	0	0.0	84437	985455	0
16	1.6	7	0	2447	0	0.0	95858	1022064	0
16	1.6	8	0	3507	0	0.0	48426	698900	0
16	1.6	9	0	2656	0	0.0	79303	1111717	0
16	1.75	0	0	3061	0	0.0	46924	1004448	0
16	1.75	1	0	2467	0	0.0	111121	958492	0
16	1.75	2	0	2935	0	0.0	119435	1044121	0
16	1.75	3	0	3463	0	0.0	58074	653068	0
16	1.75	4	0	3406	4	0.0011743981209630064	-8237	841903	0
16	1.75	5	0	3793	1	0.0002636435539151068	-15128	838080	0
16	1.75	6	0	4756	0	0.0	57618	981791	0
16	1.75	7	0	2447	0	0.0	94109	1014111	0
16	1.75	8	0	3241	0	0.0	44148	1115517	0
16	1.75	9	0	2654	0	0.0	92676	1124148	0
16	1.9	0	0	3061	0	0.0	67867	987995	0
16	1.9	1	0	2467	0	0.0	109462	912148	0
16	1.9	2	0	3792	0	0.0	58655	876928	0
16	1.9	3	0	3462	0	0.0	58958	644292	0
16	1.9	4	0	3406	0	0.0	81499	844587	0
16	1.9	5	0	3859	0	0.0	65005	853581	0
16	1.9	6	0	3130	0	0.0	68652	881441	0
16	1.9	7	0	2447	0	0.0	96472	1025523	0
16	1.9	8	0	3241	0	0.0	47335	1114990	0
16	1.9	9	0	2656	0	0.0	91150	1101965	0
16	2.05	0	0	3060	0	0.0	56608	987981	0
16	2.05	1	0	2466	0	0.0	109333	923767	0
16	2.05	2	0	3793	5	0.001318217769575534	-11072	879552	0
16	2.05	3	0	3447	5	0.001450536698578474	-264048	643004	0
16	2.05	4	0	3406	3	0.0008807985907222549	-238	844353	0
16	2.05	5	0	3859	2	0.0005182689816014512	-82	906397	0
16	2.05	6	0	3128	0	0.0	38899	878952	0
16	2.05	7	0	2448	0	0.0	92186	1020479	0
16	2.05	8	0	3241	0	0.0	47875	1114721	0
16	2.05	9	0	2655	0	0.0	13501	1118983	0
16	2.2	0	0	3061	0	0.0	60062	1003137	0
16	2.2	1	0	2466	0	0.0	109513	929610	0
16	2.2	2	0	3794	0	0.0	39678	876073	0
16	2.2	3	0	3464	4	0.0011547344110854503	-98	656815	0
16	2.2	4	0	3407	0	0.0	66479	848977	0
16	2.2	5	0	3859	0	0.0	37928	883013	0
16	2.2	6	0	3129	4	0.001278363694471077	-5611	888457	0
16	2.2	7	0	4469	0	0.0	25701	1055689	0
16	2.2	8	0	3242	2	0.0006169031462060457	-60	837393	0
16	2.2	9	0	2656	5	0.0018825301204819277	-69425	1110840	0
16	2.35	0	0	3062	0	0.0	64211	1008532	0
16	2.35	1	0	2465	0	0.0	108393	911970	0
16	2.35	2	0	3796	0	0.0	34324	876462	0
16	2.35	3	0	3464	1	0.0002886836027713626	-203	646267	0
16	2.35	4	0	2955	1	0.00033840947546531303	-51238	1014555	0
16	2.35	5	0	3858	0	0.0	46705	910297	0
16	2.35	6	0	3130	10	0.003194888178913738	-99744	884515	0
16	2.35	7	0	4468	0	0.0	57192	1057309	0
16	2.35	8	0	3239	0	0.0	61936	823929	0
16	2.35	9	0	2656	0	0.0	77532	1126497	0
16	2.5	0	0	3062	2	0.0006531678641410843	-122	942989	0
16	2.5	1	0	2464	2	0.0008116883116883117	-311	930975	0
16	2.5	2	0	3794	0	0.0	48069	876917	0
16	2.5	3	0	3849	3	0.000779423226812159	-238	613974	0
16	2.5	4	0	3506	2	0.0005704506560182544	-380	822777	0
16	2.5	5	0	3859	41	0.010624514122829748	-48604	912443	0
16	2.5	6	0	3129	2	0.0006391818472355385	-257	883331	0
16	2.5	7	0	4468	4	0.0008952551477170994	-7134	1062858	0
16	2.5	8	0	3239	1	0.00030873726458783575	-250	829973	0
16	2.5	9	0	2656	3	0.0011295180722891566	-344	1121530	0
16	2.6	0	0	3061	0	0.0	53219	1010553	0
16	2.6	1	0	2466	2	0.0008110300081103001	-233	921020	0
16	2.6	2	0	3793	0	0.0	51724	879044	0
16	2.6	3	0	3850	0	0.0	90952	573770	0
16	2.6	4	0	3506	2	0.0005704506560182544	-239	760667	0
16	2.6	5	0	3858	4	0.0010368066355624676	-49210	864816	0
16	2.6	6	0	3131	2	0.0006387735547748323	-200	879872	0
16	2.6	7	0	4468	2	0.0004476275738585497	-924	1055776	0
16	2.6	8	0	3240	4	0.0012345679012345679	-702	830146	0
16	2.6	9	0	2655	1	0.0003766478342749529	-218	1106733	0
16	2.7	0	0	3060	0	0.0	63943	988826	0
16	2.7	1	0	2464	0	0.0	108702	875620	0
16	2.7	2	0	3795	1	0.00026350461133069827	-320	878552	0
16	2.7	3	0	3848	2	0.0005197505197505198	-176	566962	0
16	2.7	4	0	4270	3	0.000702576112412178	-84836	808043	456
16	2.7	5	0	3859	0	0.0	34201	875947	0
16	2.7	6	0	3129	7	0.0022371364653243847	-136906	883102	0
16	2.7	7	0	4469	1	0.00022376370552696352	-140	965903	0
16	2.7	8	0	3239	2	0.0006174745291756715	-204	826476	0
16	2.7	9	0	2656	1	0.00037650602409638556	-922	1104616	0
16	2.8	0	0	3062	2	0.0006531678641410843	-9453	980375	0
16	2.8	1	0	2465	1	0.00040567951318458417	-340	921290	0
16	2.8	2	0	3792	0	0.0	61197	878106	0
16	2.8	3	0	3848	0	0.0	86089	579528	0
16	2.8	4	0	4270	12	0.002810304449648712	-141517	801593	398
16	2.8	5	0	4376	0	0.0	67311	755113	0
16	2.8	6	0	3128	0	0.0	78446	881014	0
16	2.8	7	0	4470	2	0.00044742729306487697	-292	983989	0
16	2.8	8	0	4835	1	0.00020682523267838676	-18555	927560	0
16	2.8	9	0	2655	0	0.0	70910	1102623	0
16	2.9	0	0	3060	3	0.000980392156862745	-254	994134	0
16	2.9	1	0	2465	0	0.0	109010	921653	0
16	2.9	2	0	3793	0	0.0	61434	876635	0
16	2.9	3	0	3849	0	0.0	90779	548504	0
16	2.9	4	0	4271	6	0.0014048232264106766	-73991	777577	464
16	2.9	5	0	4375	2	0.00045714285714285713	-208	837318	0
16	2.9	6	0	3129	2	0.0006391818472355385	-139	878698	0
16	2.9	7	0	4470	3	0.0006711409395973154	-321	1023977	0
16	2.9	8	0	4835	0	0.0	37552	779912	0
16	2.9	9	0	2657	1	0.0003763643206624012	-38347	1108645	0
16	3.0	0	0	3061	4	0.0013067624959163672	-432	951700	0
16	3.0	1	0	2464	0	0.0	108785	915816	0
16	3.0	2	0	3794	0	0.0	72903	908474	0
16	3.0	3	0	3848	0	0.0	75741	547770	0
16	3.0	4	0	4272	4	0.0009363295880149813	-114372	759522	406
16	3.0	5	0	4374	0	0.0	49171	762384	0
16	3.0	6	0	3130	2	0.0006389776357827476	-1052	879879	0
16	3.0	7	0	4469	0	0.0	40445	1036210	0
16	3.0	8	0	4832	2	0.0004139072847682119	-23592	782170	0
16	3.0	9	0	2656	0	0.0	22549	1103285	0
16	3.1	0	0	3061	0	0.0	68128	982355	0
16	3.1	1	0	2465	2	0.0008113590263691683	-384	919098	0
16	3.1	2	0	3794	0	0.0	47711	875591	0
16	3.1	3	0	3848	0	0.0	72030	560548	0
16	3.1	4	0	4270	9	0.002107728337236534	-100866	766454	403
16	3.1	5	0	4377	0	0.0	49463	746681	0
16	3.1	6	0	3129	2	0.0006391818472355385	-382	878831	0
16	3.1	7	0	3124	0	0.0	94058	564508	0
16	3.1	8	0	4834	1	0.0002068680182043856	-760	784096	0
16	3.1	9	0	2656	1	0.00037650602409638556	-1287	1101357	0
16	3.2	0	0	3060	0	0.0	68226	976883	0
16	3.2	1	0	3715	2	0.0005383580080753701	-309	893670	0
16	3.2	2	0	3792	2	0.0005274261603375527	-806	876114	0
16	3.2	3	0	3848	0	0.0	75796	780676	0
16	3.2	4	0	4270	23	0.005386416861826698	-258709	646920	363
16	3.2	5	0	4374	2	0.0004572473708276177	-1349	749689	0
16	3.2	6	0	3129	0	0.0	58286	877765	0
16	3.2	7	0	3123	0	0.0	116939	650471	0
16	3.2	8	0	2484	0	0.0	124464	760470	0
16	3.2	9	0	2656	0	0.0	22723	1104594	0
16	3.3	0	0	3061	1	0.0003266906239790918	-94	811529	2
16	3.3	1	0	3715	2	0.0005383580080753701	-32765	893756	0
16	3.3	2	0	3794	0	0.0	69789	875607	0
16	3.3	3	0	3848	2	0.0005197505197505198	-156	734804	0
16	3.3	4	0	4270	13	0.003044496487119438	-144112	771085	396
16	3.3	5	0	4375	0	0.0	35263	762874	0
16	3.3	6	0	3129	0	0.0	57278	876174	0
16	3.3	7	0	3124	0	0.0	34780	667478	0
16	3.3	8	0	2485	0	0.0	123456	759089	0
16	3.3	9	0	2655	0	0.0	25685	1091786	0
16	3.4	0	0	3060	2	0.00065359477124183	-285	863237	5
16	3.4	1	0	3714	0	0.0	41139	894439	0
16	3.4	2	0	3795	0	0.0	44488	875120	0
16	3.4	3	0	3847	1	0.0002599428125812321	-481	544561	6
16	3.4	4	0	4272	14	0.0032771535580524347	-197464	686221	350
16	3.4	5	0	4378	1	0.00022841480127912289	-72	754690	6
16	3.4	6	0	3129	2	0.0006391818472355385	-329	875651	0
16	3.4	7	0	3123	0	0.0	34992	686610	0
16	3.4	8	0	2483	0	0.0	118960	756884	0
16	3.4	9	0	2655	1	0.0003766478342749529	-180	1100309	0
16	3.5	0	0	3060	1	0.000326797385620915	-10591	976191	0
16	3.5	1	0	3716	2	0.0005382131324004305	-421	885626	22
16	3.5	2	0	3794	0	0.0	51617	874611	4
16	3.5	3	0	3848	0	0.0	5285	566952	8
16	3.5	4	0	4271	30	0.007024116132053383	-393819	758122	277
16	3.5	5	0	4376	2	0.0004570383912248629	-827	746339	0
16	3.5	6	0	3130	0	0.0	49767	874554	4
16	3.5	7	0	3123	0	0.0	27571	678986	6
16	3.5	8	0	2484	3	0.0012077294685990338	-195165	755691	0
16	3.5	9	0	2825	0	0.0	7917	967082	0
16	3.6	0	0	3063	1	0.000326477309826967	-206	906128	3
16	3.6	1	0	3714	1	0.00026925148088314486	-6638	844178	9
16	3.6	2	0	3793	1	0.0002636435539151068	-230	874131	21
16	3.6	3	0	3847	0	0.0	70479	572443	8
16	3.6	4	0	4271	31	0.0072582533364551624	-407934	682845	332
16	3.6	5	0	4376	1	0.00022851919561243144	-37523	686163	7
16	3.6	6	0	3130	2	0.0006389776357827476	-15058	873467	0
16	3.6	7	0	3124	7	0.002240717029449424	-149293	551103	27
16	3.6	8	0	2483	0	0.0	74696	754050	55
16	3.6	9	0	2824	0	0.0	13868	964366	4
